genotype,abundance
WT,1.351853176
Het,1.370811741
WT,0.701622764
Het,0.771607689
WT,0.944449483
Het,1.319214517
WT,1.610392857
Het,1.677842408
WT,0.698314817
KO,1.222398727
WT,1.385677195
KO,0.715834087
WT,0.725749539
KO,1.163394297
WT,1.679090178
KO,1.738026544
Het,1.730812671
KO,2.483964381