genotype,abundance
WT,1.202352091
Het,1.366312303
WT,0.639201106
Het,0.729408871
WT,0.994878489
Het,1.504571707
WT,1.847526069
Het,2.368199111
WT,0.887118402
KO,1.603747471
WT,1.407747651
KO,0.845548765
WT,0.833640069
KO,1.239705211
WT,1.601599146
KO,1.731133646
Het,1.654695271
KO,2.77434072