genotype,abundance
WT,0.18566611
Het,0.41129653
WT,0.17038499
Het,0.48578264
WT,0.36244832
Het,0.91610022
WT,1.01450485
Het,1.57394416
WT,0.60977746
KO,1.40206892
WT,0.85367764
KO,0.90661634
WT,1.04006864
KO,1.41528782
WT,1.4283467
KO,1.51599039
Het,1.49326644
KO,0.6787305