genotype,abundance
WT,0.285441472
Het,0.115135707
WT,0.296351393
Het,0.548588689
WT,0.499688739
Het,0.355315453
WT,0.300061081
Het,0.216399576
WT,0.729344233
KO,0.634090861
WT,0.291353522
KO,1.251998128
WT,0.498097804
KO,0.661008595
WT,0.186083401
KO,0.235035166
Het,0.50116433
KO,0.233068025